model,allocation_mae,allocation_rmse,allocation_js,allocation_l1,risky_share_mae,risky_share_rmse,risky_share_corr,risk_acc,risk_macro_f1,risk_weighted_f1
catboost,0.1727185845375061,0.2839373052120209,0.13312198221683502,0.6908743977546692,0.22529342770576477,0.2986915111541748,0.35079583671163367,0.37031994554118447,0.23365562875052664,0.34264035043616087
source_encoder,0.17399722337722778,0.2767355144023895,0.13061802089214325,0.6959888935089111,0.23457929491996765,0.2870311737060547,0.34625316207257717,0.29611980939414567,0.20143968596066916,0.278566251411976
source_encoder_knn_k20_alpha0.7,0.17754395306110382,0.2689356207847595,0.1293139010667801,0.7101759314537048,0.23525527119636536,0.2854320704936981,0.350118712180193,0.2899931926480599,0.20040751692843206,0.26765709014524913
group_mean_AGECL_HOUSECL_EDCL_OCCAT1,0.1946837604045868,0.2706708312034607,0.1404893547296524,0.7787349820137024,0.24518842995166779,0.2923247814178467,0.2779605069329669,0.22123893805309736,0.1513309207637052,0.18099374681848082
group_mean_AGECL_HOUSECL_EDCL,0.19790516793727875,0.2737102508544922,0.1432395577430725,0.7916205525398254,0.2412320375442505,0.2889948785305023,0.3092643053712145,0.22396187882913546,0.15400291446245218,0.1860520456962707
group_mean_AGECL_HOUSECL,0.2032690942287445,0.2770291566848755,0.14851614832878113,0.813076376914978,0.2505857050418854,0.29557719826698303,0.22699380295788169,0.179714091218516,0.11179713865356608,0.10622444939129927
group_mean_AGECL,0.20787310600280762,0.2810569405555725,0.15268035233020782,0.8314923644065857,0.2576908767223358,0.3007332384586334,0.13661619017379142,0.1817562968005446,0.10308649980547271,0.0891135425870886
mean_allocation,0.21546806395053864,0.2873382866382599,0.1602223515510559,0.8618722558021545,0.26219555735588074,0.30332207679748535,0.0,0.18039482641252552,0.06113033448673587,0.0551379803913717
