{
  "config": {
    "checkpoint_prefix": "grid_stage1_emb32_out512_drop0p3_lr0p001_bs512",
    "catboost_iterations": 300,
    "group_min_count": 30,
    "knn_k": 20,
    "knn_alpha": 0.7,
    "bucket_columns": [
      "cash",
      "bond",
      "pension",
      "equity"
    ]
  },
  "results": [
    {
      "model": "mean_allocation",
      "allocation_mae": 0.21546806395053864,
      "allocation_rmse": 0.2873382866382599,
      "allocation_js": 0.1602223515510559,
      "allocation_l1": 0.8618722558021545,
      "risky_share_mae": 0.26219555735588074,
      "risky_share_rmse": 0.30332207679748535,
      "risky_share_corr": 0.0,
      "risk_acc": 0.18039482641252552,
      "risk_macro_f1": 0.06113033448673587,
      "risk_weighted_f1": 0.0551379803913717,
      "confusion_matrix": [
        [
          0,
          597,
          0,
          0,
          0
        ],
        [
          0,
          265,
          0,
          0,
          0
        ],
        [
          0,
          240,
          0,
          0,
          0
        ],
        [
          0,
          206,
          0,
          0,
          0
        ],
        [
          0,
          161,
          0,
          0,
          0
        ]
      ]
    },
    {
      "model": "group_mean_AGECL",
      "allocation_mae": 0.20787310600280762,
      "allocation_rmse": 0.2810569405555725,
      "allocation_js": 0.15268035233020782,
      "allocation_l1": 0.8314923644065857,
      "risky_share_mae": 0.2576908767223358,
      "risky_share_rmse": 0.3007332384586334,
      "risky_share_corr": 0.13661619017379142,
      "risk_acc": 0.1817562968005446,
      "risk_macro_f1": 0.10308649980547271,
      "risk_weighted_f1": 0.0891135425870886,
      "confusion_matrix": [
        [
          0,
          483,
          114,
          0,
          0
        ],
        [
          0,
          202,
          63,
          0,
          0
        ],
        [
          0,
          175,
          65,
          0,
          0
        ],
        [
          0,
          155,
          51,
          0,
          0
        ],
        [
          0,
          122,
          39,
          0,
          0
        ]
      ]
    },
    {
      "model": "group_mean_AGECL_HOUSECL",
      "allocation_mae": 0.2032690942287445,
      "allocation_rmse": 0.2770291566848755,
      "allocation_js": 0.14851614832878113,
      "allocation_l1": 0.813076376914978,
      "risky_share_mae": 0.2505857050418854,
      "risky_share_rmse": 0.29557719826698303,
      "risky_share_corr": 0.22699380295788169,
      "risk_acc": 0.179714091218516,
      "risk_macro_f1": 0.11179713865356608,
      "risk_weighted_f1": 0.10622444939129927,
      "confusion_matrix": [
        [
          14,
          372,
          211,
          0,
          0
        ],
        [
          3,
          115,
          147,
          0,
          0
        ],
        [
          2,
          103,
          135,
          0,
          0
        ],
        [
          3,
          89,
          114,
          0,
          0
        ],
        [
          0,
          58,
          103,
          0,
          0
        ]
      ]
    },
    {
      "model": "group_mean_AGECL_HOUSECL_EDCL",
      "allocation_mae": 0.19790516793727875,
      "allocation_rmse": 0.2737102508544922,
      "allocation_js": 0.1432395577430725,
      "allocation_l1": 0.7916205525398254,
      "risky_share_mae": 0.2412320375442505,
      "risky_share_rmse": 0.2889948785305023,
      "risky_share_corr": 0.3092643053712145,
      "risk_acc": 0.22396187882913546,
      "risk_macro_f1": 0.15400291446245218,
      "risk_weighted_f1": 0.1860520456962707,
      "confusion_matrix": [
        [
          82,
          389,
          126,
          0,
          0
        ],
        [
          10,
          129,
          126,
          0,
          0
        ],
        [
          8,
          114,
          118,
          0,
          0
        ],
        [
          6,
          99,
          101,
          0,
          0
        ],
        [
          7,
          71,
          83,
          0,
          0
        ]
      ]
    },
    {
      "model": "group_mean_AGECL_HOUSECL_EDCL_OCCAT1",
      "allocation_mae": 0.1946837604045868,
      "allocation_rmse": 0.2706708312034607,
      "allocation_js": 0.1404893547296524,
      "allocation_l1": 0.7787349820137024,
      "risky_share_mae": 0.24518842995166779,
      "risky_share_rmse": 0.2923247814178467,
      "risky_share_corr": 0.2779605069329669,
      "risk_acc": 0.22123893805309736,
      "risk_macro_f1": 0.1513309207637052,
      "risk_weighted_f1": 0.18099374681848082,
      "confusion_matrix": [
        [
          77,
          390,
          130,
          0,
          0
        ],
        [
          7,
          128,
          130,
          0,
          0
        ],
        [
          7,
          113,
          120,
          0,
          0
        ],
        [
          7,
          92,
          107,
          0,
          0
        ],
        [
          8,
          65,
          88,
          0,
          0
        ]
      ]
    },
    {
      "model": "catboost",
      "allocation_mae": 0.1727185845375061,
      "allocation_rmse": 0.2839373052120209,
      "allocation_js": 0.13312198221683502,
      "allocation_l1": 0.6908743977546692,
      "risky_share_mae": 0.22529342770576477,
      "risky_share_rmse": 0.2986915111541748,
      "risky_share_corr": 0.35079583671163367,
      "risk_acc": 0.37031994554118447,
      "risk_macro_f1": 0.23365562875052664,
      "risk_weighted_f1": 0.34264035043616087,
      "confusion_matrix": [
        [
          339,
          145,
          113,
          0,
          0
        ],
        [
          64,
          87,
          114,
          0,
          0
        ],
        [
          43,
          79,
          118,
          0,
          0
        ],
        [
          42,
          71,
          93,
          0,
          0
        ],
        [
          32,
          48,
          81,
          0,
          0
        ]
      ]
    },
    {
      "model": "source_encoder",
      "allocation_mae": 0.17223405838012695,
      "allocation_rmse": 0.2802426517009735,
      "allocation_js": 0.13052482903003693,
      "allocation_l1": 0.6889362335205078,
      "risky_share_mae": 0.23332422971725464,
      "risky_share_rmse": 0.287138968706131,
      "risky_share_corr": 0.34817956604416894,
      "risk_acc": 0.3049693669162696,
      "risk_macro_f1": 0.2057428896473265,
      "risk_weighted_f1": 0.28583335075829563,
      "confusion_matrix": [
        [
          206,
          228,
          163,
          0,
          0
        ],
        [
          27,
          85,
          153,
          0,
          0
        ],
        [
          20,
          63,
          157,
          0,
          0
        ],
        [
          15,
          67,
          124,
          0,
          0
        ],
        [
          14,
          42,
          105,
          0,
          0
        ]
      ]
    },
    {
      "model": "source_encoder_knn_k20_alpha0.7",
      "allocation_mae": 0.17607663571834564,
      "allocation_rmse": 0.27041536569595337,
      "allocation_js": 0.12829311192035675,
      "allocation_l1": 0.7043066620826721,
      "risky_share_mae": 0.23427307605743408,
      "risky_share_rmse": 0.2853122353553772,
      "risky_share_corr": 0.3521379678639265,
      "risk_acc": 0.292716133424098,
      "risk_macro_f1": 0.19963259691128887,
      "risk_weighted_f1": 0.27153878232148704,