model,allocation_mae,allocation_rmse,allocation_js,allocation_l1,risky_share_mae,risky_share_rmse,risky_share_corr,risk_acc,risk_macro_f1,risk_weighted_f1
source_encoder,0.17223405838012695,0.2802426517009735,0.13052482903003693,0.6889362335205078,0.23332422971725464,0.287138968706131,0.34817956604416894,0.3049693669162696,0.2057428896473265,0.28583335075829563
catboost,0.1727185845375061,0.2839373052120209,0.13312198221683502,0.6908743977546692,0.22529342770576477,0.2986915111541748,0.35079583671163367,0.37031994554118447,0.23365562875052664,0.34264035043616087
source_encoder_knn_k20_alpha0.7,0.17607663571834564,0.27041536569595337,0.12829311192035675,0.7043066620826721,0.23427307605743408,0.2853122353553772,0.3521379678639265,0.292716133424098,0.19963259691128887,0.27153878232148704
group_mean_AGECL_HOUSECL_EDCL_OCCAT1,0.1946837604045868,0.2706708312034607,0.1404893547296524,0.7787349820137024,0.24518842995166779,0.2923247814178467,0.2779605069329669,0.22123893805309736,0.1513309207637052,0.18099374681848082
group_mean_AGECL_HOUSECL_EDCL,0.19790516793727875,0.2737102508544922,0.1432395577430725,0.7916205525398254,0.2412320375442505,0.2889948785305023,0.3092643053712145,0.22396187882913546,0.15400291446245218,0.1860520456962707
group_mean_AGECL_HOUSECL,0.2032690942287445,0.2770291566848755,0.14851614832878113,0.813076376914978,0.2505857050418854,0.29557719826698303,0.22699380295788169,0.179714091218516,0.11179713865356608,0.10622444939129927
group_mean_AGECL,0.20787310600280762,0.2810569405555725,0.15268035233020782,0.8314923644065857,0.2576908767223358,0.3007332384586334,0.13661619017379142,0.1817562968005446,0.10308649980547271,0.0891135425870886
mean_allocation,0.21546806395053864,0.2873382866382599,0.1602223515510559,0.8618722558021545,0.26219555735588074,0.30332207679748535,0.0,0.18039482641252552,0.06113033448673587,0.0551379803913717
