{
  "split": "test",
  "num_examples": 1469,
  "checkpoint_prefix": "allocation_best",
  "validation_warnings": [
    "Current split 'test' differs from checkpoint split 'train'. Exact tensor hash validation was skipped."
  ],
  "source_risky_share_mae": 0.23237642645835876,
  "target_risky_share_mae": 0.3206842243671417,
  "source_risk_bucket_acc": 0.31041524846834584,
  "source_risk_bucket_macro_f1": 0.2081730980263866,
  "target_risk_bucket_acc": 0.16337644656228728,
  "target_risk_bucket_macro_f1": 0.057279236276849645,
  "source_alloc_mae": 0.17189748585224152,
  "target_alloc_mae": 0.2878994345664978,
  "source_confusion_matrix": [
    [
      219,
      215,
      163,
      0,
      0
    ],
    [
      29,
      80,
      156,
      0,
      0
    ],
    [
      20,
      63,
      157,
      0,
      0
    ],
    [
      15,
      74,
      117,
      0,
      0
    ],
    [
      16,
      37,
      107,
      1,
      0
    ]
  ],
  "retrieval": {
    "pair_recall@1": 0.0020422055820285907,
    "pair_recall@5": 0.006126616746085773,
    "pair_recall@10": 0.01701837985023826,
    "pair_mrr": 0.010567234056000177,
    "label_recall@1": 0.34785568413886997,
    "label_recall@5": 0.5963240299523486,
    "label_recall@10": 0.6943498978897209,
    "label_mrr": 0.46031940350776984,
    "cluster_recall@1": 0.27978216473791695,
    "cluster_recall@5": 0.3206262763784888,
    "cluster_recall@10": 0.34649421375085093,
    "cluster_mrr": 0.30274462799768376
  },
  "probe": {
    "source": {
      "accuracy_mean": 0.40231246082050565,
      "accuracy_std": 0.012354872897067262,
      "macro_f1_mean": 0.2589658803377713,
      "macro_f1_std": 0.012326374446999975
    },
    "target": {
      "accuracy_mean": 0.6283206798077593,
      "accuracy_std": 0.022044597996542147,
      "macro_f1_mean": 0.557988386808739,
      "macro_f1_std": 0.027513584709782768
    }
  },
  "domain_classifier": {
    "accuracy_mean": 0.8396881410144978,
    "accuracy_std": 0.013052233730358645
  },
  "silhouette": {
    "risk_cosine": 0.0584850050508976,
    "modality_cosine": 0.0010401711333543062
  },
  "centroid_distance_by_class": [
    {
      "risk_label": 0,
      "euclidean_distance": 0.12261790782213211,
      "cosine_distance": 0.007603764533996582
    },
    {
      "risk_label": 1,
      "euclidean_distance": 0.10832224786281586,
      "cosine_distance": 0.006556868553161621
    },
    {
      "risk_label": 2,
      "euclidean_distance": 0.08590535819530487,
      "cosine_distance": 0.0043277740478515625
    },
    {
      "risk_label": 3,
      "euclidean_distance": 0.1544916033744812,
      "cosine_distance": 0.014200985431671143
    },
    {
      "risk_label": 4,
      "euclidean_distance": 0.16071856021881104,
      "cosine_distance": 0.015464305877685547
    }
  ]
}