{
  "epoch": 7,
  "total": 3.196752248926366,
  "supcon": 5.9129497446912405,
  "source_alloc": 0.33987819863126634,
  "target_alloc": 0.01568642718360779,
  "source_risk": 0.6810868420499436,
  "target_risk": 0.04077052840210022,
  "coral": 0.0735654612170889,
  "source_alloc_mae": 0.155934035161394,
  "source_alloc_js": 0.19588927242180149,
  "source_risk_acc": 0.38607115821347465,
  "source_risk_macro_f1": 0.25151262548508324,
  "target_risk_acc": 0.9591218773656321,
  "target_risk_macro_f1": 0.9516795269501435
}