CASEID,predicted_risk_level_model,predicted_risk_level_allocation,risk_level_used_for_recommendation,predicted_risky_share,aux_risk_label,aux_allocation_mae,rescaled_overlap_flag,coverage_before_rescale,coverage_after_rescale,top_ranked_product_id,top_ranked_product_name,top_basket_product_id,top_basket_weight,pred_cash,aux_cash,pred_bond,aux_bond,pred_pension,aux_pension,pred_equity,aux_equity
145261,2,0,2,0.4266875386238098,2,0.1462513506412506,True,1.0000000515292107,1.0,naverpay:saving:jbbank,JB 슈퍼씨드 적금,naverpay:saving:jbbank,0.3073742687702179,0.3019752502441406,0.08361974358558655,0.00012404978042468429,0.0,0.6238775849342346,0.9163802862167358,0.07402311265468597,0.0
145311,2,1,2,0.504705011844635,2,0.18531809747219086,False,0.48819608874771186,1.0,naverpay:saving:jbbank,JB 슈퍼씨드 적금,naverpay:saving:jbbank,0.2566404938697815,0.3552326560020447,0.5183831453323364,0.007883327081799507,0.025800904259085655,0.3964371085166931,0.025800904259085655,0.24044695496559143,0.43001505732536316
145316,0,0,0,0.05964691564440727,0,0.04820640757679939,False,0.9999909530101235,1.0,naverpay:saving:jbbank,JB 슈퍼씨드 적금,naverpay:saving:jbbank,0.33263516426086426,0.9035871624946594,1.0,0.010251747444272041,0.0,0.07738815248012543,0.0,0.008772898465394974,0.0
