CASEID,true_risk_label_1_to_5,predicted_risk_label_1_to_5,predicted_risky_share,recommended_products,input_OCCAT1,input_OCCAT2,input_INDCAT,input_LF,input_HOUSECL,input_EDCL,input_EDUC,input_AGECL,input_LIFECL,input_FAMSTRUCT,input_KIDS,input_MARRIED,input_EXPENSHILO,input_WSAVED,input_SAVRES1,input_SAVRES2,input_SAVRES3,input_SAVRES4,input_SAVRES5,input_SAVRES6,input_SAVRES7,input_SAVRES8,input_SAVRES9,true_cash,pred_cash,true_bond,pred_bond,true_pension,pred_pension,true_equity,pred_equity
165546,1,1,0.007086667697876692,"JB 슈퍼씨드 적금 (cash, 33.88%); IBK부가세모으기통장 (cash, 33.07%); e-그린세이브예금 (cash, 33.05%); TIGER TDF2045 적격 (pension, 0.00%); KODEX 200 (equity, 0.00%)",2,3,2,1,2,1,5,5,5,3,0,2,2,2,0,0,0,0,0,0,1,0,0,1.0,0.999974250793457,0.0,1.1176147785008084e-09,0.0,2.5763858502614312e-05,0.0,1.4106789514300999e-08
176876,2,2,0.2444830685853958,"JB 슈퍼씨드 적금 (cash, 26.28%); IBK부가세모으기통장 (cash, 25.43%); KODEX 200미국채혼합 (bond, 0.01%); TIGER TDF2045 적격 (pension, 24.15%); KODEX TDF2050액티브 적격 (pension, 24.13%)",1,2,2,1,1,3,9,4,5,1,1,2,3,2,0,0,0,1,0,0,0,0,0,0.5164835105633375,0.5170860290527344,0.0,0.00010316231055185199,0.4835164894366624,0.4827175438404083,0.0,9.318622323917225e-05
163706,3,3,0.4422006905078888,"JB 슈퍼씨드 적금 (cash, 24.35%); TIGER TDF2045 적격 (pension, 25.00%); KODEX TDF2050액티브 적격 (pension, 24.99%); RISE TDF2050액티브 적격 (pension, 24.98%); KODEX 200 (equity, 0.68%)",1,1,2,1,1,4,12,2,1,2,0,2,3,3,0,0,0,0,0,0,1,0,0,0.25650555646764883,0.24343451857566833,0.0,0.00010358256986364722,0.7434944435323512,0.749671995639801,0.0,0.00678987568244338
201716,5,4,0.5510948300361633,"JB 슈퍼씨드 적금 (cash, 39.71%); KODEX 200미국채혼합 (bond, 0.21%); TIGER TDF2045 적격 (pension, 13.57%); KODEX 200 (equity, 23.26%); TIGER 200 IT (equity, 23.26%)",2,1,1,1,1,4,13,4,5,5,0,1,1,3,0,0,1,0,0,0,0,0,0,0.07699053727427702,0.39708149433135986,0.0,0.0020533606875687838,0.07592621228576521,0.1357293576002121,0.8470832504399578,0.4651358127593994
