{
  "num_clusters": 12,
  "seed": 42,
  "categorical_columns": [
    "OCCAT1",
    "OCCAT2",
    "INDCAT",
    "LF",
    "HOUSECL",
    "EDCL",
    "EDUC",
    "AGECL",
    "LIFECL",
    "FAMSTRUCT",
    "KIDS",
    "MARRIED",
    "EXPENSHILO",
    "WSAVED",
    "SAVRES1",
    "SAVRES2",
    "SAVRES3",
    "SAVRES4",
    "SAVRES5",
    "SAVRES6",
    "SAVRES7",
    "SAVRES8",
    "SAVRES9"
  ],
  "cluster_centers": [
    [
      0.175504,
      0.001212,
      0.798915,
      0.024369
    ],
    [
      0.988221,
      0.000179,
      0.006056,
      0.005544
    ],
    [
      0.1598,
      0.021188,
      0.32381,
      0.495202
    ],
    [
      0.538029,
      0.002583,
      0.429293,
      0.030095
    ],
    [
      0.091605,
      0.017302,
      0.053201,
      0.837891
    ],
    [
      0.144641,
      0.589053,
      0.07938,
      0.186926
    ],
    [
      0.050813,
      0.000178,
      0.942406,
      0.006603
    ],
    [
      0.75397,
      0.00712,
      0.216141,
      0.022769
    ],
    [
      0.567703,
      0.019131,
      0.088426,
      0.32474
    ],
    [
      0.317872,
      0.03191,
      0.059173,
      0.591045
    ],
    [
      0.35923,
      0.002926,
      0.622011,
      0.015833
    ],
    [
      0.172308,
      0.008814,
      0.546181,
      0.272698
    ]
  ]
}