{
  "num_clusters": 12,
  "seed": 42,
  "categorical_columns": [
    "OCCAT1",
    "OCCAT2",
    "INDCAT",
    "LF",
    "HOUSECL",
    "EDCL",
    "EDUC",
    "AGECL",
    "LIFECL",
    "FAMSTRUCT",
    "KIDS",
    "MARRIED",
    "EXPENSHILO",
    "WSAVED",
    "SAVRES1",
    "SAVRES2",
    "SAVRES3",
    "SAVRES4",
    "SAVRES5",
    "SAVRES6",
    "SAVRES7",
    "SAVRES8",
    "SAVRES9"
  ],
  "cluster_centers": [
    [
      0.959292,
      0.007297,
      0.000285,
      0.008683,
      0.008694,
      0.015748
    ],
    [
      0.106552,
      0.021689,
      0.000988,
      0.422168,
      0.422643,
      0.025961
    ],
    [
      0.071351,
      0.184056,
      0.585134,
      0.043791,
      0.040915,
      0.074754
    ],
    [
      0.102223,
      0.018848,
      0.001916,
      0.017162,
      0.015997,
      0.843855
    ],
    [
      0.168689,
      0.420393,
      0.01805,
      0.192176,
      0.132511,
      0.068182
    ],
    [
      0.115375,
      0.034484,
      0.001114,
      0.744619,
      0.076543,
      0.027866
    ],
    [
      0.11259,
      0.046383,
      0.004829,
      0.202694,
      0.242016,
      0.391488
    ],
    [
      0.501558,
      0.03877,
      0.003461,
      0.195052,
      0.232104,
      0.029055
    ],
    [
      0.543543,
      0.029482,
      0.004086,
      0.013762,
      0.017945,
      0.391182
    ],
    [
      0.072454,
      0.773183,
      0.021601,
      0.044549,
      0.022854,
      0.06536
    ],
    [
      0.071904,
      0.418575,
      0.027635,
      0.043835,
      0.039171,
      0.39888
    ],
    [
      0.105465,
      0.01706,
      0.001401,
      0.132903,
      0.714293,
      0.028878
    ]
  ]
}